SALE TYPE,SOLD DATE,PROPERTY TYPE,ADDRESS,CITY,STATE OR PROVINCE,ZIP OR POSTAL CODE,PRICE,BEDS,BATHS,LOCATION,SQUARE FEET,LOT SIZE,YEAR BUILT,DAYS ON MARKET,$/SQUARE FEET,HOA/MONTH,STATUS,NEXT OPEN HOUSE START TIME,NEXT OPEN HOUSE END TIME,URL (SEE http://www.redfin.com/buy-a-home/comparative-market-analysis FOR INFO ON PRICING),SOURCE,MLS#,FAVORITE,INTERESTED,LATITUDE,LONGITUDE
MLS Listing,NA,Single Family Residential,15 Jean Ct,Cornwall-On-Hudson,NY,12520,435000,3,2,Cornwall On Hudson,1868,9583,1954,4,233,NA,Active,NA,NA,http://www.redfin.com/NY/Cornwall-On-Hudson/15-Jean-Ct-12520/home/54934376,OneKey,H6111353,N,Y,41.4468396,-74.0231957
MLS Listing,NA,Single Family Residential,16 Andrews St,Cornwall-On-Hudson,NY,12520,440000,3,2,Cornwall On Hudson,1556,6534,1949,10,283,NA,Active,NA,NA,http://www.redfin.com/NY/Cornwall-On-Hudson/16-Andrews-St-12520/home/54914942,OneKey,H6114042,N,Y,41.4488927,-74.0180544
MLS Listing,NA,Single Family Residential,26 Cornwall Ave,Cornwall-On-Hudson,NY,12520,399000,3,2,Cliffside Park,1567,4792,1920,20,255,NA,Active,NA,NA,http://www.redfin.com/NY/Cornwall-On-Hudson/26-Cornwall-Ave-12520/home/58937944,OneKey,H6112603,N,Y,41.4436301,-74.0044261
MLS Listing,NA,Single Family Residential,22 Avenue A,Cornwall-On-Hudson,NY,12520,319900,3,1.5,Homeland,1388,10019,1860,37,230,NA,Active,NA,NA,http://www.redfin.com/NY/Cornwall-On-Hudson/22-Avenue-A-12520/home/92374312,OneKey,H6109854,N,Y,41.445923,-74.0175495
PAST SALE,May-7-2021,Single Family Residential,6 Shore Rd,Cornwall-On-Hudson,NY,12520,320000,3,2,Cornwall On Hudson,1875,3049,1870,17,171,NA,Sold,NA,NA,http://www.redfin.com/NY/Cornwall-On-Hudson/6-Shore-Rd-12520/home/72599740,OneKey,H6073278,N,Y,41.4489054,-74.0141869
PAST SALE,NA,Single Family Residential,4 Lipani Rd,Cornwall-On-Hudson,NY,12520,278000,4,2,NA,2422,15246,1985,NA,115,NA,NA,NA,NA,http://www.redfin.com/NY/Cornwall-On-Hudson/4-Lipani-Rd-12520/home/72610304,NA,NA,N,Y,41.4393696,-74.0106858
PAST SALE,March-15-2021,Single Family Residential,66 Weeks Ave,Cornwall-On-Hudson,NY,12520,386000,3,1.5,Weeks Estate,1496,10890,1931,70,258,NA,Sold,NA,NA,http://www.redfin.com/NY/Cornwall-On-Hudson/66-Weeks-Ave-12520/home/72610054,OneKey,H6090554,N,Y,41.4417356,-74.0214133
PAST SALE,April-9-2021,Single Family Residential,7 Bay View Ter,Cornwall-On-Hudson,NY,12520,610000,4,2,Cornwall On Hudson,1872,24394,1970,45,326,NA,Sold,NA,NA,http://www.redfin.com/NY/Cornwall-On-Hudson/7-Bay-View-Ter-12520/home/92374670,OneKey,H6073378,N,Y,41.4420279,-74.0027303
PAST SALE,March-18-2021,Single Family Residential,8 Lafayette St,Cornwall-On-Hudson,NY,12520,395000,3,2,Cornwall On Hudson,1559,6534,1930,67,253,NA,Sold,NA,NA,http://www.redfin.com/NY/Cornwall-On-Hudson/8-Lafayette-St-12520/home/54889919,OneKey,H6086097,N,Y,41.4430898,-74.0095058
PAST SALE,July-9-2020,Single Family Residential,8 Hirle St,Cornwall-On-Hudson,NY,12520,445000,3,3,Cornwall On Hudson,2346,6970,1953,319,190,NA,Sold,NA,NA,http://www.redfin.com/NY/Cornwall-On-Hudson/8-Hirle-St-12520/home/56474646,OneKey,H6007983,N,Y,41.4494295,-74.0188807
PAST SALE,December-9-2020,Single Family Residential,11 Duncan Ave,Cornwall-On-Hudson,NY,12520,170000,1,2,Cornwall On Hudson,904,4792,1860,166,188,NA,Sold,NA,NA,http://www.redfin.com/NY/Cornwall-On-Hudson/11-Duncan-Ave-12520/home/92374491,OneKey,H6071432,N,Y,41.4443287,-74.0156559
PAST SALE,January-12-2021,Single Family Residential,92 Boulevard,Cornwall-On-Hudson,NY,12520,370000,3,2,Cornwall On Hudson,2044,13939,1968,132,181,NA,Sold,NA,NA,http://www.redfin.com/NY/Cornwall-On-Hudson/92-Boulevard-12520/home/146998733,OneKey,H6071862,N,Y,41.439042,-74.0142787
PAST SALE,February-2-2021,Single Family Residential,5 Taft Pl,Cornwall-On-Hudson,NY,12520,475000,4,3.5,Cornwall On Hudson,2838,17424,1963,111,167,NA,Sold,NA,NA,http://www.redfin.com/NY/Cornwall-On-Hudson/5-Taft-Pl-12520/home/54901690,OneKey,H6055536,N,Y,41.441429,-74.0017606
PAST SALE,March-1-2021,Single Family Residential,12 Wood Ave,Cornwall-On-Hudson,NY,12520,285000,3,2,Cornwall On Hudson,1000,4356,2006,84,285,NA,Sold,NA,NA,http://www.redfin.com/NY/Cornwall-On-Hudson/12-Wood-Ave-12520/home/72618550,OneKey,H6081355,N,Y,41.4445773,-74.0104469
PAST SALE,NA,Single Family Residential,7 Grandview Ave,Cornwall-On-Hudson,NY,12520,320000,2,1,NA,864,17424,1950,NA,370,NA,NA,NA,NA,http://www.redfin.com/NY/Cornwall-On-Hudson/7-Grandview-Ave-12520/home/92374452,NA,NA,N,Y,41.4450644,-74.0073023
PAST SALE,NA,Single Family Residential,286 Hudson St,Cornwall-On-Hudson,NY,12520,179000,3,1.5,NA,1144,4792,1925,NA,156,NA,NA,NA,NA,http://www.redfin.com/NY/Cornwall-On-Hudson/286-Hudson-St-12520/home/72589857,NA,NA,N,Y,41.4447486,-74.0182029
PAST SALE,September-25-2020,Single Family Residential,311 Shore Rd,Cornwall-On-Hudson,NY,12520,160000,3,2,Cornwall On Hudson,1337,74052,1720,241,120,NA,Sold,NA,NA,http://www.redfin.com/NY/Cornwall-On-Hudson/311-Shore-Rd-12520/home/103970233,OneKey,H6048530,N,Y,41.4502809,-74.0212514
PAST SALE,May-27-2020,Single Family Residential,62 Mountain Rd,Cornwall-On-Hudson,NY,12520,345000,4,3,Cornwall On Hudson,2848,95832,1980,362,121,NA,Sold,NA,NA,http://www.redfin.com/NY/Cornwall-On-Hudson/62-Mountain-Rd-12520/home/54918675,OneKey,H6006476,N,Y,41.4382993,-74.0097914
PAST SALE,NA,Single Family Residential,47 Deer Hill Rd,Cornwall-On-Hudson,NY,12520,220000,3,2,NA,1248,87120,1885,NA,176,NA,NA,NA,NA,http://www.redfin.com/NY/Cornwall-On-Hudson/47-Deer-Hill-Rd-12520/home/72589916,NA,NA,N,Y,41.4235155,-74.013923
PAST SALE,NA,Single Family Residential,294 Hudson St,Cornwall-On-Hudson,NY,12520,200000,3,1,NA,1260,4953,1922,NA,159,NA,NA,NA,NA,http://www.redfin.com/NY/Cornwall-On-Hudson/294-Hudson-St-12520/home/72589889,NA,NA,N,Y,41.4447524,-74.0189725
PAST SALE,July-20-2020,Single Family Residential,18 Idlewild Park Dr,Cornwall-On-Hudson,NY,12520,590000,4,3,Cornwall On Hudson,2421,33106,1962,308,244,NA,Sold,NA,NA,http://www.redfin.com/NY/Cornwall-On-Hudson/18-Idlewild-Park-Dr-12520/home/54923965,OneKey,H6000508,N,Y,41.4503155,-74.0213595
PAST SALE,September-3-2020,Single Family Residential,23 Andrews St,Cornwall-On-Hudson,NY,12520,681023,3,3.5,Cornwall On Hudson,2917,13068,1930,263,233,NA,Sold,NA,NA,http://www.redfin.com/NY/Cornwall-On-Hudson/23-Andrews-St-12520/home/92374347,OneKey,H6043162,N,Y,41.4494105,-74.0182504
PAST SALE,NA,Single Family Residential,51 Spruce St,Cornwall-On-Hudson,NY,12520,450000,4,2.5,NA,1836,15246,1966,NA,245,NA,NA,NA,NA,http://www.redfin.com/NY/Cornwall-On-Hudson/51-Spruce-St-12520/home/92374326,NA,NA,N,Y,41.4477713,-74.0190184
PAST SALE,January-13-2021,Single Family Residential,30 Church St,Cornwall-On-Hudson,NY,12520,430000,4,2,Cornwall On Hudson,2484,19184,1900,131,173,NA,Sold,NA,NA,http://www.redfin.com/NY/Cornwall-On-Hudson/30-Church-St-12520/home/54941323,OneKey,H6074655,N,Y,41.4456882,-74.0118241
PAST SALE,NA,Single Family Residential,27 Wood Ave,Cornwall-On-Hudson,NY,12520,225000,2,1,NA,1627,16988,1937,NA,138,NA,NA,NA,NA,http://www.redfin.com/NY/Cornwall-On-Hudson/27-Wood-Ave-12520/home/92374460,NA,NA,N,Y,41.4456505,-74.0102174
PAST SALE,August-13-2020,Single Family Residential,107 Clover Ct,Cornwall-On-Hudson,NY,12520,551500,4,2.5,Clover Court,2538,10890,2019,284,217,NA,Sold,NA,NA,http://www.redfin.com/NY/Cornwall-On-Hudson/Clover-Ct-12520/home/171347846,OneKey,H6045572,N,Y,41.4452,-74.0087
PAST SALE,October-8-2020,Single Family Residential,50 Academy Ave,Cornwall-On-Hudson,NY,12520,235000,4,2,Cornwall On Hudson,2016,8276,1955,228,117,NA,Sold,NA,NA,http://www.redfin.com/NY/Cornwall-On-Hudson/50-Academy-Ave-12520/home/54937019,OneKey,H4955643,N,Y,41.4455425,-74.0248023
PAST SALE,May-13-2021,Single Family Residential,7 White Ter,Cornwall-On-Hudson,NY,12520,430000,3,2,Cornwall On Hudson,1554,9148,1955,11,277,NA,Sold,NA,NA,http://www.redfin.com/NY/Cornwall-On-Hudson/7-White-Ter-12520/home/72610360,OneKey,H6100816,N,Y,41.4484632,-74.0222776
PAST SALE,June-1-2020,Single Family Residential,14 Duncan Ave,Cornwall-On-Hudson,NY,12520,205000,2,2,Cornwall On Hudson,1006,3049,1910,357,204,NA,Sold,NA,NA,http://www.redfin.com/NY/Cornwall-On-Hudson/14-Duncan-Ave-12520/home/54913334,OneKey,H6019579,N,Y,41.4442652,-74.0160805
PAST SALE,August-18-2020,Single Family Residential,26 Duncan Ave,Cornwall-On-Hudson,NY,12520,235000,2,1.5,Cornwall On Hudson,828,27007,1900,279,284,NA,Sold,NA,NA,http://www.redfin.com/NY/Cornwall-On-Hudson/26-Duncan-Ave-12520/home/92374505,OneKey,H6039845,N,Y,41.4438573,-74.0175036
PAST SALE,August-27-2020,Single Family Residential,34 Washington St,Cornwall-On-Hudson,NY,12520,350000,1,1,Cornwall On Hudson,1133,14810,1940,270,309,NA,Sold,NA,NA,http://www.redfin.com/NY/Cornwall-On-Hudson/34-Washington-St-12520/home/54948377,OneKey,H6039477,N,Y,41.4411656,-74.011444
PAST SALE,September-29-2020,Single Family Residential,17 Willis Ave,Cornwall-On-Hudson,NY,12520,405000,3,2.5,Weeks Estates,1919,24394,1952,237,211,NA,Sold,NA,NA,http://www.redfin.com/NY/Cornwall-On-Hudson/17-Willis-Ave-12520/home/54903711,OneKey,H6048047,N,Y,41.4429079,-74.022094
PAST SALE,July-23-2020,Single Family Residential,4 Summer Winds Ct,Cornwall-On-Hudson,NY,12520,693611,4,2.5,Cornwall On Hudson,2967,37479,1998,305,234,NA,Sold,NA,NA,http://www.redfin.com/NY/Cornwall-On-Hudson/4-Summer-Winds-Ct-12520/home/54899147,OneKey,H6040713,N,Y,41.4423637,-74.0190201
PAST SALE,May-29-2020,Single Family Residential,16 Barr Ave,Cornwall-On-Hudson,NY,12520,383320,5,2,Weeks Estates,2352,19602,1994,360,163,NA,Sold,NA,NA,http://www.redfin.com/NY/Cornwall-On-Hudson/16-Barr-Ave-12520/home/54921068,OneKey,H6000625,N,Y,41.4426372,-74.0233196
PAST SALE,October-21-2020,Single Family Residential,8 Taft Pl,Cornwall-On-Hudson,NY,12520,442000,4,2.5,Cornwall On Hudson,2820,15682,1960,215,157,NA,Sold,NA,NA,http://www.redfin.com/NY/Cornwall-On-Hudson/8-Taft-Pl-12520/home/54852859,OneKey,H6045497,N,Y,41.4415816,-74.0010463
PAST SALE,February-12-2021,Single Family Residential,77 Weeks Ave,Cornwall-On-Hudson,NY,12520,410000,4,2,Weeks Estates,1920,8712,1934,101,214,NA,Sold,NA,NA,http://www.redfin.com/NY/Cornwall-On-Hudson/77-Weeks-Ave-12520/home/72579746,OneKey,H6055747,N,Y,41.4410327,-74.0214782
PAST SALE,November-24-2020,Single Family Residential,1 Copper Beech Ln,Cornwall-On-Hudson,NY,12520,420000,3,2.5,Cornwall On Hudson,2220,60984,1982,181,189,NA,Sold,NA,NA,http://www.redfin.com/NY/Cornwall-On-Hudson/1-Copper-Beech-Ln-12520/home/56166866,OneKey,H6052128,N,Y,41.4351363,-74.0226908
PAST SALE,August-13-2020,Single Family Residential,9 Lipani Ln,Cornwall-On-Hudson,NY,12520,330000,4,2.5,Cornwall On Hudson,2970,82764,2006,284,111,NA,Sold,NA,NA,http://www.redfin.com/NY/Cornwall-On-Hudson/9-Lipani-Rd-12520/home/54933935,OneKey,H6036453,N,Y,41.4388888,-74.0111579
PAST SALE,December-30-2020,Single Family Residential,24 Roe Ave,Cornwall-On-Hudson,NY,12520,304000,2,2,Cornwall On Hudson,1581,15682,1910,145,192,NA,Sold,NA,NA,http://www.redfin.com/NY/Cornwall-On-Hudson/24-Roe-Ave-12520/home/72589538,OneKey,H6070369,N,Y,41.4376763,-74.0250663
PAST SALE,October-27-2020,Single Family Residential,14 Meadow Ave,Cornwall-On-Hudson,NY,12520,320000,3,2,Weeks Estate,1753,12632,1963,209,183,NA,Sold,NA,NA,http://www.redfin.com/NY/Cornwall-On-Hudson/14-Meadow-Ave-12520/home/72589532,OneKey,H6037975,N,Y,41.4396699,-74.0213136
PAST SALE,November-18-2020,Single Family Residential,11 Vinebrook Ave,Cornwall-On-Hudson,NY,12520,269000,4,1.5,Cornwall On Hudson,1315,10019,1920,187,205,NA,Sold,NA,NA,http://www.redfin.com/NY/Cornwall-On-Hudson/11-Vinebrook-Ave-12520/home/54913593,OneKey,H6039025,N,Y,41.4411737,-74.0136475
PAST SALE,March-2-2021,Single Family Residential,25 Meadow Ave,Cornwall-On-Hudson,NY,12520,480000,3,2.5,Cornwall On Hudson,2105,26572,1964,83,228,NA,Sold,NA,NA,http://www.redfin.com/NY/Cornwall-On-Hudson/25-Meadow-Ave-12520/home/92374668,OneKey,H6078690,N,Y,41.4406464,-74.020671
PAST SALE,April-14-2021,Single Family Residential,61 Avenue A,Cornwall-On-Hudson,NY,12520,420000,3,2,Homeland,1224,16553,1955,40,343,NA,Sold,NA,NA,http://www.redfin.com/NY/Cornwall-On-Hudson/61-Avenue-A-12520/home/69373084,OneKey,H6090402,N,Y,41.4478606,-74.022599
PAST SALE,February-25-2021,Single Family Residential,20 Maple Ave,Cornwall-On-Hudson,NY,12520,270000,4,1.5,Cornwall On Hudson,2054,7405,1900,88,131,NA,Sold,NA,NA,http://www.redfin.com/NY/Cornwall-On-Hudson/20-Maple-Ave-12520/home/72599775,OneKey,H6086909,N,Y,41.4435517,-74.0156215
PAST SALE,August-24-2020,Single Family Residential,50 Avenue A,Cornwall-On-Hudson,NY,12520,422500,3,2.5,Homeland,2156,8712,1952,273,196,NA,Sold,NA,NA,http://www.redfin.com/NY/Cornwall-On-Hudson/50-Avenue-A-12520/home/54885461,OneKey,H6045463,N,Y,41.4470313,-74.0199824
PAST SALE,December-3-2020,Single Family Residential,21 1st St,Cornwall-On-Hudson,NY,12520,220000,4,1,Cornwall On Hudson,1944,9701,1901,172,113,NA,Sold,NA,NA,http://www.redfin.com/NY/Cornwall-On-Hudson/21-1st-St-12520/home/72579756,OneKey,H6055523,N,Y,41.4432007,-74.0257663
PAST SALE,February-2-2021,Single Family Residential,18 Hedges Ave,Cornwall-On-Hudson,NY,12520,226000,2,2,Cliffside Park,1262,7405,1870,111,179,NA,Sold,NA,NA,http://www.redfin.com/NY/Cornwall-On-Hudson/18-Hedges-Ave-12520/home/72599947,OneKey,H6073774,N,Y,41.4427916,-74.0046074
PAST SALE,March-2-2021,Single Family Residential,272 Mountain Rd,Cornwall-On-Hudson,NY,12520,450000,4,2.5,Cornwall On Hudson,2157,104544,1940,83,209,NA,Sold,NA,NA,http://www.redfin.com/NY/Cornwall-On-Hudson/272-Mountain-Rd-12520/home/72589827,OneKey,H6080475,N,Y,41.4256199,-74.0113216
PAST SALE,August-13-2020,Single Family Residential,126 Duncan Ave,Cornwall-On-Hudson,NY,12520,610000,4,2.5,Cornwall On Hudson,2874,31363,1997,284,212,NA,Sold,NA,NA,http://www.redfin.com/NY/Cornwall-On-Hudson/126-Duncan-Ave-12520/home/92374638,OneKey,H6035346,N,Y,41.4365686,-74.0214973
PAST SALE,August-6-2020,Single Family Residential,30 Maple Rd,Cornwall-On-Hudson,NY,12520,320000,3,1.5,Cornwall On Hudson,1549,82764,1920,291,207,NA,Sold,NA,NA,http://www.redfin.com/NY/Cornwall-On-Hudson/30-Maple-Rd-12520/home/54918008,OneKey,H4975491,N,Y,41.428108,-74.0145656
PAST SALE,July-2-2020,Single Family Residential,7 Partridge Rd,Cornwall-On-Hudson,NY,12520,310000,6,2.5,Cornwall On Hudson,2729,87120,1920,326,114,NA,Sold,NA,NA,http://www.redfin.com/NY/Cornwall-On-Hudson/7-Partridge-Rd-12520/home/72579995,OneKey,H5061938,N,Y,41.4290846,-74.0104341
PAST SALE,June-30-2020,Single Family Residential,5 Paula Ct,Cornwall-On-Hudson,NY,12520,350000,4,2.5,Homeland,2580,8276,1955,328,136,NA,Sold,NA,NA,http://www.redfin.com/NY/Cornwall-On-Hudson/5-Paula-Ct-12520/home/56301083,OneKey,H6040513,N,Y,41.446506,-74.0205792
PAST SALE,May-28-2020,Single Family Residential,98 Boulevard,Cornwall-On-Hudson,NY,12520,305000,3,1.5,Cornwall On Hudson,1712,10890,1969,361,178,NA,Sold,NA,NA,http://www.redfin.com/NY/Cornwall-On-Hudson/98-Boulevard-12520/home/92374659,OneKey,H6026490,N,Y,41.4387254,-74.0146001
PAST SALE,November-16-2020,Single Family Residential,3 River St,Cornwall-On-Hudson,NY,12520,550000,4,2.5,Cornwall On Hudson,2184,16117,1910,189,252,NA,Sold,NA,NA,http://www.redfin.com/NY/Cornwall-On-Hudson/3-River-St-12520/home/58777792,OneKey,H6063130,N,Y,41.4433163,-74.0061036
PAST SALE,October-27-2020,Single Family Residential,32 Duncan Ave,Cornwall-On-Hudson,NY,12520,215000,4,1,Cornwall On Hudson,858,4752,1890,209,251,NA,Sold,NA,NA,http://www.redfin.com/NY/Cornwall-On-Hudson/32-Duncan-Ave-12520/home/92374504,OneKey,H6062663,N,Y,41.4436209,-74.0171822
PAST SALE,April-12-2021,Single Family Residential,2 Grandview Ave,Cornwall-On-Hudson,NY,12520,421500,3,1,Cornwall On Hudson,1548,10019,1949,42,272,NA,Sold,NA,NA,http://www.redfin.com/NY/Cornwall-On-Hudson/2-Grandview-Ave-12520/home/92374455,OneKey,H6081428,N,Y,41.4449992,-74.0083683
PAST SALE,March-11-2021,Single Family Residential,19 Willis Ave,Cornwall-On-Hudson,NY,12520,295000,2,1.5,Cornwall On Hudson,1290,10454,1927,74,229,NA,Sold,NA,NA,http://www.redfin.com/NY/Cornwall-On-Hudson/19-Willis-Ave-12520/home/72610028,OneKey,H6086965,N,Y,41.4427478,-74.0217727
PAST SALE,October-30-2020,Single Family Residential,4 Waterview,Cornwall-On-Hudson,NY,12520,685000,5,2,Cornwall On Hudson,2974,47916,1952,206,230,NA,Sold,NA,NA,http://www.redfin.com/NY/Cornwall-On-Hudson/4-Waterview-Mdw-12520/home/54918385,OneKey,H6048414,N,Y,41.4438273,-74.0072515
PAST SALE,December-16-2020,Single Family Residential,22 Grand St,Cornwall,NY,12518,385000,3,2,Cornwall,1638,4792,1926,159,235,NA,Sold,NA,NA,http://www.redfin.com/NY/Cornwall/22-Grand-St-12518/home/72610069,OneKey,H6068214,N,Y,41.4364794,-74.0359106
MLS Listing,NA,Single Family Residential,227 Taylor Rd,Cornwall,NY,12518,389900,4,1.5,Cornwall,2280,52272,1937,3,171,NA,Active,NA,NA,http://www.redfin.com/NY/CORNWALL/227-TAYLOR-RD-12518/home/72580034,OneKey,H6116637,N,Y,41.419195,-74.087998
MLS Listing,NA,Single Family Residential,60 Angola Rd,Cornwall,NY,12518,299900,3,1.5,Cornwall,1128,8712,1960,3,266,NA,Active,NA,NA,http://www.redfin.com/NY/Cornwall/60-Angola-Rd-12518/home/54878467,OneKey,H6100614,N,Y,41.4305516,-74.0387564
MLS Listing,NA,Single Family Residential,11 Mccanns Ln,Cornwall,NY,12518,695000,4,2.5,Cornwall,2530,12632,2021,16,275,NA,Active,NA,NA,http://www.redfin.com/NY/Cornwall/11-Mc-Canns-Ln-12518/home/54988149,OneKey,H6113411,N,Y,41.438116,-74.028603
MLS Listing,NA,Single Family Residential,18 Robert Rd,Cornwall,NY,12518,499000,3,2.5,Cornwall,2194,29185,1965,18,227,NA,Active,NA,NA,http://www.redfin.com/NY/Cornwall/18-Robert-Rd-12518/home/54866406,OneKey,H6112579,N,Y,41.4311438,-74.0316418
MLS Listing,NA,Single Family Residential,4 Westlin Ln,Cornwall,NY,12518,399000,3,2,Cornwall,2361,87120,1928,19,169,NA,Active,NA,NA,http://www.redfin.com/NY/Cornwall/4-Westlin-Ln-12518/home/72589652,OneKey,H6111674,N,Y,41.4093252,-74.0511718
MLS Listing,NA,Single Family Residential,317 Angola Rd,Cornwall,NY,12518,365000,3,1,Cornwall,1228,52272,1972,28,297,NA,Active,NA,NA,http://www.redfin.com/NY/Cornwall/317-Angola-Rd-12518/home/72579973,OneKey,H6110997,N,Y,41.415642,-74.050644
MLS Listing,NA,Single Family Residential,24 Knoll Crest Ct,Cornwall,NY,12518,514200,3,2.5,Stone Hollow,2038,92478,2021,108,252,NA,Active,NA,NA,http://www.redfin.com/NY/CORNWALL/24-KNOLL-CREST-CT-12518/home/72608931,OneKey,H6095153,N,Y,41.446269,-74.037505
New Construction Home,NA,Single Family Residential,4 Knoll Crest Ct,Cornwall,NY,12518,609900,3,3,Stone Hollow at Cornwall,2488,NA,2018,1030,245,NA,Active,NA,NA,http://www.redfin.com/NY/Cornwall/4-Knoll-Crest-Ct-12518/home/72608861,NewHomeSource.com,1387215,N,Y,41.4432702,-74.042107
New Construction Plan,NA,Single Family Residential,The Daphne,Cornwall,NY,12518,514200,3,2.5,Stone Hollow at Cornwall,2038,NA,NA,NA,252,NA,Active,NA,NA,http://www.redfin.com/NY/Cornwall/Stone-Hollow-at-Cornwall/The-Daphne/home/169862464,NewHomeSource.com,Plan-161434301,N,Y,41.4432702,-74.042107
PAST SALE,March-31-2021,Single Family Residential,56 Angola Rd,Cornwall,NY,12518,465500,3,2,Cornwall,1824,10019,1954,54,255,NA,Sold,NA,NA,http://www.redfin.com/NY/Cornwall/56-Angola-Rd-12518/home/72589755,OneKey,H6091298,N,Y,41.4307516,-74.0386875
PAST SALE,December-3-2020,Single Family Residential,14 Howard St,Cornwall,NY,12518,264500,2,1,Cornwall,1199,8276,1907,172,221,NA,Sold,NA,NA,http://www.redfin.com/NY/Cornwall/14-Howard-St-12518/home/54896856,OneKey,H6067272,N,Y,41.4449031,-74.0466061
PAST SALE,NA,Single Family Residential,15 Hawksnest Rd,Cornwall,NY,12518,545000,3,2.5,NA,2158,152460,1980,NA,253,NA,NA,NA,NA,http://www.redfin.com/NY/Cornwall/15-Hawksnest-Rd-12518/home/72610111,NA,NA,N,Y,41.4042791,-74.0474771
PAST SALE,March-29-2021,Single Family Residential,195 Willow Ave,Cornwall,NY,12518,285000,3,1.5,Cornwall,1236,7405,1888,56,231,NA,Sold,NA,NA,http://www.redfin.com/NY/Cornwall/195-Willow-Ave-12518/home/54900123,OneKey,H6083384,N,Y,41.4433589,-74.0456707
PAST SALE,February-18-2021,Single Family Residential,11 Stately Oaks,Cornwall,NY,12518,399000,3,2,Cornwall,2374,47916,1980,95,168,NA,Sold,NA,NA,http://www.redfin.com/NY/Cornwall/11-Stately-Oaks-12518/home/54919196,OneKey,H6046328,N,Y,41.4471572,-74.0412808
PAST SALE,October-2-2020,Single Family Residential,24 Paradise Hl,Cornwall,NY,12518,79000,2,1,Cornwall,678,14810,1941,234,117,NA,Sold,NA,NA,http://www.redfin.com/NY/CORNWALL/24-PARADISE-HL-12518/home/72589731,OneKey,H4900469,N,Y,41.400033,-74.077089
PAST SALE,September-10-2020,Single Family Residential,35 Harris Ln,Cornwall,NY,12518,337000,3,2,Cornwall,1742,33541,1951,256,193,NA,Sold,NA,NA,http://www.redfin.com/NY/Cornwall/35-Harris-Ln-12518/home/174803844,OneKey,H6009323,N,Y,41.4392964,-74.0436676
PAST SALE,June-30-2020,Single Family Residential,1 Dyer Ln,Cornwall,NY,12518,420000,4,2.5,Cornwall,2314,28000,1995,328,182,NA,Sold,NA,NA,http://www.redfin.com/NY/Cornwall/1-Dyer-Ln-12518/home/54940325,OneKey,H6011708,N,Y,41.4394451,-74.0369204
PAST SALE,April-7-2021,Single Family Residential,50 Firth St,Cornwall,NY,12518,350000,3,2,Cornwall,1992,11326,1986,47,176,NA,Sold,NA,NA,http://www.redfin.com/NY/Cornwall/50-Firth-St-12518/home/72589838,OneKey,H6073046,N,Y,41.4412721,-74.0471099
PAST SALE,February-4-2021,Single Family Residential,5 Sugar Maples,Cornwall,NY,12518,485000,4,3,Cornwall,2889,91476,1988,109,168,NA,Sold,NA,NA,http://www.redfin.com/NY/Cornwall/5-Sugar-Maples-12518/home/72610012,OneKey,H6067227,N,Y,41.4097485,-74.0687036
PAST SALE,December-29-2020,Single Family Residential,1 Broadway,Cornwall,NY,12518,275000,3,1,Cornwall,1388,4792,1925,146,198,NA,Sold,NA,NA,http://www.redfin.com/NY/Cornwall/1-Broadway-12518/home/54925592,OneKey,H6064026,N,Y,41.4369549,-74.0333754
PAST SALE,May-14-2021,Single Family Residential,1 James St,Cornwall,NY,12518,530000,3,3,Cornwall,1848,20038,2002,10,287,NA,Sold,NA,NA,http://www.redfin.com/NY/Cornwall/1-James-St-12518/home/83459261,OneKey,H6102880,N,Y,41.4424265,-74.0473165
PAST SALE,NA,Single Family Residential,5 Warren Ct,Cornwall,NY,12518,370000,3,2,NA,1785,17424,1986,NA,207,NA,NA,NA,NA,http://www.redfin.com/NY/Cornwall/5-Warren-Ct-12518/home/54911480,NA,NA,N,Y,41.4331426,-74.0379302
PAST SALE,March-29-2021,Single Family Residential,10 Halvorsen Rd,Cornwall,NY,12518,319000,3,1.5,Cornwall,1400,21344,1960,56,228,NA,Sold,NA,NA,http://www.redfin.com/NY/Cornwall/10-Halvorsen-Rd-12518/home/72589876,OneKey,H6083225,N,Y,41.4470626,-74.0322844
PAST SALE,May-21-2021,Single Family Residential,7 Lee Rd,Cornwall,NY,12518,245000,2,1,Cornwall,725,9583,1951,3,338,NA,Sold,NA,NA,http://www.redfin.com/NY/Cornwall/7-Lee-Rd-12518/home/64854953,OneKey,H6099748,N,Y,41.4422202,-74.0347745
PAST SALE,March-1-2021,Single Family Residential,22 Howard St,Cornwall,NY,12518,220000,3,1,Cornwall,1483,27007,1926,84,148,NA,Sold,NA,NA,http://www.redfin.com/NY/Cornwall/22-Howard-St-12518/home/54925376,OneKey,H6046996,N,Y,41.4453947,-74.0462905
PAST SALE,November-24-2020,Single Family Residential,8 Horizon Rd,Cornwall,NY,12518,434900,3,2,Cornwall,1634,82764,1964,181,266,NA,Sold,NA,NA,http://www.redfin.com/NY/Cornwall/8-Horizon-Rd-12518/home/72610109,OneKey,H6047241,N,Y,41.4053021,-74.0476263
PAST SALE,July-15-2020,Single Family Residential,4 Lee Rd,Cornwall,NY,12518,105000,2,1,Cornwall,725,6970,1950,313,145,NA,Sold,NA,NA,http://www.redfin.com/NY/Cornwall/4-Lee-Rd-12518/home/72610299,OneKey,H6035828,N,Y,41.4427936,-74.0347171
PAST SALE,August-10-2020,Single Family Residential,6 Oak Tree Dr,Cornwall,NY,12518,340000,3,2.5,Cornwall,2072,52272,1959,287,164,NA,Sold,NA,NA,http://www.redfin.com/NY/Cornwall/6-Oak-Tree-Dr-12518/home/54890360,OneKey,H6037803,N,Y,41.407383,-74.0494507
PAST SALE,NA,Single Family Residential,1 Sylcox Rd,Cornwall,NY,12518,429900,4,2,NA,1760,10019,1955,NA,244,NA,NA,NA,NA,http://www.redfin.com/NY/Cornwall/1-Sylcox-Rd-12518/home/72609937,NA,NA,N,Y,41.4368107,-74.0455035
PAST SALE,July-22-2020,Single Family Residential,28 Hampton Pl,Cornwall,NY,12518,443000,4,2.5,Cornwall,2688,20038,1995,306,165,NA,Sold,NA,NA,http://www.redfin.com/NY/Cornwall/28-Hampton-Pl-12518/home/54903494,OneKey,H6027988,N,Y,41.4460365,-74.0425201
PAST SALE,September-5-2020,Single Family Residential,24 Hampton Pl,Cornwall,NY,12518,466000,4,2.5,Cornwall,2268,20473,1994,261,205,NA,Sold,NA,NA,http://www.redfin.com/NY/Cornwall/24-Hampton-Pl-12518/home/54928832,OneKey,H6046190,N,Y,41.4457091,-74.0415562
PAST SALE,December-14-2020,Single Family Residential,175 Willow Ave,Cornwall,NY,12518,460000,4,2.5,Cornwall,2100,13068,1898,161,219,NA,Sold,NA,NA,http://www.redfin.com/NY/Cornwall/175-Willow-Ave-12518/home/54910306,OneKey,H6070503,N,Y,41.4425512,-74.0437594
PAST SALE,September-21-2020,Single Family Residential,11 Bede Ter,Cornwall,NY,12518,236000,2,1.5,Cornwall,1171,7841,1910,245,202,NA,Sold,NA,NA,http://www.redfin.com/NY/Cornwall/11-Bede-Ter-12518/home/54946550,OneKey,H6052058,N,Y,41.4425129,-74.0478639
PAST SALE,NA,Single Family Residential,4 Johnluke Ln,Cornwall,NY,12518,337000,3,2,NA,1742,33541,1951,NA,193,NA,NA,NA,NA,http://www.redfin.com/NY/Cornwall/4-Johnluke-Ln-12518/home/92374885,NA,NA,N,Y,41.439254,-74.043584
PAST SALE,September-17-2020,Single Family Residential,20 Knoll Crest Ct,Cornwall,NY,12518,466300,3,2.5,Stone Hollow,2038,20430,2019,249,229,50,Sold,NA,NA,http://www.redfin.com/NY/CORNWALL/20-KNOLL-CREST-CT-12518/home/72608921,OneKey,H4849947,N,Y,41.445647,-74.038685
PAST SALE,November-9-2020,Single Family Residential,33 Algernon St,Cornwall,NY,12518,293000,3,1.5,Cornwall,1753,7405,1911,196,167,NA,Sold,NA,NA,http://www.redfin.com/NY/Cornwall/33-Algernon-St-12518/home/54914508,OneKey,H6046285,N,Y,41.4409485,-74.0453658
PAST SALE,June-20-2020,Single Family Residential,41 Algernon St,Cornwall,NY,12518,252000,3,1,Cornwall,1428,10019,1931,338,176,NA,Sold,NA,NA,http://www.redfin.com/NY/Cornwall/41-Algernon-St-12518/home/54896180,OneKey,H6007985,N,Y,41.4404154,-74.0456412
PAST SALE,August-13-2020,Single Family Residential,56 Canterbury Ave,Cornwall,NY,12518,232049,5,2.5,Cornwall,2776,14810,1950,284,84,NA,Sold,NA,NA,http://www.redfin.com/NY/Cornwall/56-Canterbury-Ave-12518/home/54928155,OneKey,H6007262,N,Y,41.4383559,-74.0437594
PAST SALE,August-10-2020,Single Family Residential,11 Browns Ln,Cornwall,NY,12518,295000,4,2,Cornwall,2176,23958,1880,287,136,NA,Sold,NA,NA,http://www.redfin.com/NY/Cornwall/11-Browns-Ln-12518/home/54941663,OneKey,H6039077,N,Y,41.4421772,-74.0403169
PAST SALE,August-28-2020,Single Family Residential,28 Maple St,Cornwall,NY,12518,290000,2,2,Cornwall,1498,10454,1940,269,194,NA,Sold,NA,NA,http://www.redfin.com/NY/Cornwall/28-Maple-St-12518/home/54858033,OneKey,H6043971,N,Y,41.4388838,-74.0405579
PAST SALE,December-16-2020,Single Family Residential,7 Oak St,Cornwall,NY,12518,370000,5,2.5,Cornwall,2291,14810,1912,159,162,NA,Sold,NA,NA,http://www.redfin.com/NY/Cornwall/7-Oak-St-12518/home/54894951,OneKey,H6051060,N,Y,41.4350904,-74.038457
PAST SALE,September-14-2020,Single Family Residential,54 Maple St,Cornwall,NY,12518,385000,3,2,Cornwall,1881,19166,1950,252,205,NA,Sold,NA,NA,http://www.redfin.com/NY/Cornwall/54-Maple-St-12518/home/54909067,OneKey,H6046420,N,Y,41.4377634,-74.0419349
PAST SALE,January-26-2021,Single Family Residential,109 Willow Ave,Cornwall,NY,12518,385000,4,2,Cornwall,1778,8276,1910,118,217,NA,Sold,NA,NA,http://www.redfin.com/NY/Cornwall/109-Willow-Ave-12518/home/92374972,OneKey,H6067894,N,Y,41.4403699,-74.0396744
PAST SALE,NA,Single Family Residential,2 Chestnut St,Cornwall,NY,12518,384750,3,2.5,NA,1948,4792,2012,NA,198,NA,NA,NA,NA,http://www.redfin.com/NY/Cornwall/2-Chestnut-St-12518/home/54930409,NA,NA,N,Y,41.437393,-74.0372417
PAST SALE,July-3-2020,Single Family Residential,16 Tamara Ln,Cornwall,NY,12518,475000,3,2,Cornwall,2378,29185,1951,325,200,NA,Sold,NA,NA,http://www.redfin.com/NY/Cornwall/16-Tamara-Ln-12518/home/72579789,OneKey,H6031481,N,Y,41.4364953,-74.0276942
PAST SALE,January-7-2021,Single Family Residential,10 Angola Rd,Cornwall,NY,12518,344900,3,2,Cornwall,1530,14810,1985,137,225,NA,Sold,NA,NA,http://www.redfin.com/NY/Cornwall/10-Angola-Rd-12518/home/54914926,OneKey,H6075507,N,Y,41.4329304,-74.0372417
PAST SALE,January-13-2021,Single Family Residential,21 Robert Rd,Cornwall,NY,12518,423000,3,2.5,Cornwall,2000,9583,1960,131,212,NA,Sold,NA,NA,http://www.redfin.com/NY/Cornwall/21-Robert-Rd-12518/home/54894729,OneKey,H6065091,N,Y,41.4316211,-74.0317795
PAST SALE,November-30-2020,Single Family Residential,141 Harold Ave,Cornwall,NY,12518,550000,4,2.5,Cornwall,2352,17424,1996,175,234,NA,Sold,NA,NA,http://www.redfin.com/NY/Cornwall/141-Harold-Ave-12518/home/54941434,OneKey,H6062321,N,Y,41.437711,-74.050635
PAST SALE,December-4-2020,Single Family Residential,218 Taylor Rd,Cornwall,NY,12518,432000,2,1,Cornwall,1344,135036,1910,171,321,NA,Sold,NA,NA,http://www.redfin.com/NY/CORNWALL/218-TAYLOR-RD-12518/home/72589900,OneKey,H6054928,N,Y,41.419037,-74.085746
PAST SALE,June-25-2020,Single Family Residential,24 Robert Rd,Cornwall,NY,12518,308000,4,2,Cornwall,1920,20038,1965,333,160,NA,Sold,NA,NA,http://www.redfin.com/NY/Cornwall/24-Robert-Rd-12518/home/54916191,OneKey,H6013651,N,Y,41.4315746,-74.0311827
PAST SALE,September-5-2020,Single Family Residential,11 Mine Hill Rd,Cornwall,NY,12518,262600,3,1,Cornwall,1344,35284,1955,261,195,NA,Sold,NA,NA,http://www.redfin.com/NY/Cornwall/11-Mine-Hill-Rd-12518/home/54936764,OneKey,H5029942,N,Y,41.4102175,-74.0527553
PAST SALE,July-30-2020,Single Family Residential,8 Tenny Ln,Cornwall,NY,12518,250900,3,1.5,Cornwall,1916,130680,1980,298,131,NA,Sold,NA,NA,http://www.redfin.com/NY/Cornwall/8-Tenny-Ln-12518/home/54887707,OneKey,H6046890,N,Y,41.415529,-74.0471558
PAST SALE,December-17-2020,Single Family Residential,9 Windsor Ln,Cornwall,NY,12518,510000,4,2.5,Cornwall,2887,78408,1998,158,177,NA,Sold,NA,NA,http://www.redfin.com/NY/Cornwall/9-Windsor-Ln-12518/home/54897377,OneKey,H6065899,N,Y,41.4141881,-74.056404
PAST SALE,NA,Single Family Residential,14 Juniper Gln,Cornwall,NY,12518,270000,3,2.5,NA,1960,326700,1978,NA,138,NA,NA,NA,NA,http://www.redfin.com/NY/Cornwall/14-Juniper-Gln-12518/home/54910560,NA,NA,N,Y,41.4072875,-74.0657435
PAST SALE,August-6-2020,Single Family Residential,27 Derussey Ln,Cornwall,NY,12518,305999,4,2,Cornwall,2124,41382,1910,291,144,NA,Sold,NA,NA,http://www.redfin.com/NY/Cornwall/27-Derussey-Ln-12518/home/54922256,OneKey,H6036682,N,Y,41.4118849,-74.0591348
PAST SALE,December-18-2020,Single Family Residential,35 Paradise Hl,Cornwall,NY,12518,62000,3,1,Cornwall,736,8276,1935,157,84,NA,Sold,NA,NA,http://www.redfin.com/NY/CORNWALL/35-PARADISE-HL-12518/home/72589735,OneKey,H4991068,N,Y,41.400747,-74.077319
PAST SALE,February-10-2021,Single Family Residential,14 Mine Hill Rd,Cornwall,NY,12518,210000,2,1.5,Cornwall,1224,87120,1956,103,172,NA,Sold,NA,NA,http://www.redfin.com/NY/Cornwall/14-Mine-Hill-Rd-12518/home/54944056,OneKey,H6087556,N,Y,41.4090892,-74.0539486
PAST SALE,October-27-2020,Single Family Residential,2 Tundra Ter,Cornwall,NY,12518,590000,3,2.5,Baker Mountain,2954,187308,1995,209,200,NA,Sold,NA,NA,http://www.redfin.com/NY/Cornwall/2-Tundra-Ter-12518/home/54921762,OneKey,H6055065,N,Y,41.4044974,-74.058171
PAST SALE,October-20-2020,Single Family Residential,109 Laurel Ave,Cornwall,NY,12518,359000,4,2.5,Cornwall,1861,11761,1975,216,193,NA,Sold,NA,NA,http://www.redfin.com/NY/Cornwall/109-Laurel-Ave-12518/home/54890193,OneKey,H6048845,N,Y,41.4383773,-74.0463297
PAST SALE,June-5-2020,Single Family Residential,138 Harold Ave,Cornwall,NY,12518,455000,4,2.5,Quaker Mill Estates,2354,15682,1996,353,193,NA,Sold,NA,NA,http://www.redfin.com/NY/Cornwall/138-Harold-Ave-12518/home/54941545,OneKey,H6014424,N,Y,41.4377026,-74.0499097
PAST SALE,January-13-2021,Single Family Residential,100 Beach St,Cornwall,NY,12518,510000,4,2.5,Quaker Mill Estates,2568,18731,1996,131,199,NA,Sold,NA,NA,http://www.redfin.com/NY/Cornwall/100-Beach-St-12518/home/54922464,OneKey,H6069569,N,Y,41.4367667,-74.0494966
PAST SALE,October-23-2020,Single Family Residential,79 Pea Hill Rd,Cornwall,NY,12518,535000,5,3,Cornwall,2970,130680,2004,213,180,NA,Sold,NA,NA,http://www.redfin.com/NY/Cornwall/79-Pea-Hill-Rd-12518/home/103464898,OneKey,H6045725,N,Y,41.4343383,-74.0353681
PAST SALE,August-12-2020,Single Family Residential,5 Peter Scott Dr,Cornwall,NY,12518,175000,3,1,Cornwall,1260,8712,1952,285,139,NA,Sold,NA,NA,http://www.redfin.com/NY/Cornwall/5-Peter-Scott-Dr-12518/home/54899838,OneKey,H6042803,N,Y,41.4417974,-74.035222
PAST SALE,September-16-2020,Single Family Residential,28 Paradise Hl,Cornwall,NY,12518,50000,1,1,Cornwall,666,12197,1927,250,75,NA,Sold,NA,NA,http://www.redfin.com/NY/CORNWALL/28-PARADISE-HL-12518/home/92375284,OneKey,H6049045,N,Y,41.40024,-74.077023
PAST SALE,January-5-2021,Single Family Residential,105 Russell St,Cornwall,NY,12518,350000,4,2.5,Cornwall,2131,11761,1974,139,164,NA,Sold,NA,NA,http://www.redfin.com/NY/Cornwall/105-Russell-St-12518/home/72590332,OneKey,H6075710,N,Y,41.438941,-74.045733
PAST SALE,July-29-2020,Single Family Residential,6 Cherry Hill Rd,Cornwall,NY,12518,386250,4,2.5,Cornwall,2481,95832,1963,299,156,NA,Sold,NA,NA,http://www.redfin.com/NY/Cornwall/6-Cherry-Hill-Rd-12518/home/92375106,OneKey,H6035324,N,Y,41.4122664,-74.0510571
PAST SALE,November-9-2020,Single Family Residential,109 Pelham Dr,Cornwall,NY,12518,546900,4,3,Cornwall,2989,16988,1996,196,183,NA,Sold,NA,NA,http://www.redfin.com/NY/Cornwall/109-Pelham-Dr-12518/home/92375470,OneKey,H6052424,N,Y,41.4368915,-74.0487622
PAST SALE,May-10-2021,Single Family Residential,6 Chestnut St,Cornwall,NY,12518,460000,3,2,Cornwall,2016,9583,1925,14,228,NA,Sold,NA,NA,http://www.redfin.com/NY/Cornwall/6-Chestnut-St-12518/home/92375039,OneKey,H6096017,N,Y,41.437363,-74.037057
PAST SALE,August-12-2020,Single Family Residential,61 Continental Rd,Cornwall,NY,12518,345000,3,2,Cornwall,1700,25265,1961,285,203,NA,Sold,NA,NA,http://www.redfin.com/NY/Cornwall/61-Continental-Rd-12518/home/54892700,OneKey,H6038986,N,Y,41.4265795,-74.0336155
PAST SALE,March-24-2021,Single Family Residential,23 Knoll Crest Ct,Cornwall,NY,12518,554900,3,3,Stone Hollow,2442,20203,2019,61,227,50,Sold,NA,NA,http://www.redfin.com/NY/CORNWALL/23-KNOLL-CREST-CT-12518/home/72597736,OneKey,H6085068,N,Y,41.446223,-74.038857
PAST SALE,April-8-2021,Single Family Residential,334 Angola Rd,Cornwall,NY,12518,609000,4,2,Cornwall,2118,152460,1900,46,288,NA,Sold,NA,NA,http://www.redfin.com/NY/Cornwall/334-Angola-Rd-12518/home/72610255,OneKey,H6090467,N,Y,41.4154863,-74.052878
PAST SALE,October-23-2020,Single Family Residential,15 Sugar Maples,Cornwall,NY,12518,431000,3,2.5,Cornwall,2355,65340,1989,213,183,NA,Sold,NA,NA,http://www.redfin.com/NY/Cornwall/15-Sugar-Maples-12518/home/54909272,OneKey,H6058352,N,Y,41.4084594,-74.0683594
PAST SALE,July-1-2020,Single Family Residential,10 Highland Ave,Cornwall,NY,12518,200000,3,1,Cornwall,960,11326,1954,327,208,NA,Sold,NA,NA,http://www.redfin.com/NY/Cornwall/10-Highland-Ave-12518/home/92374880,OneKey,H6037906,N,Y,41.4416684,-74.0477525
PAST SALE,September-28-2020,Single Family Residential,15 Hawk Nest Rd,Cornwall,NY,12518,545000,3,2.5,Cornwall,2158,152460,1980,238,253,NA,Sold,NA,NA,http://www.redfin.com/NY/Cornwall/15-Hawk-Nest-RD-12518/home/172530556,OneKey,H6054822,N,Y,41.4343383,-74.0353681
PAST SALE,April-26-2021,Single Family Residential,2 Mancini Ct,Cornwall,NY,12518,559000,4,2.5,Cornwall,2710,87120,1998,28,206,NA,Sold,NA,NA,http://www.redfin.com/NY/Cornwall/2-Mancini-Ct-12518/home/92375216,OneKey,H6091454,N,Y,41.4149151,-74.0560139
PAST SALE,March-1-2021,Single Family Residential,24 Highland Ave,Cornwall,NY,12518,295000,3,1,Cornwall,1056,7405,1925,84,279,NA,Sold,NA,NA,http://www.redfin.com/NY/Cornwall/24-Highland-Ave-12518/home/54887833,OneKey,H6073518,N,Y,41.4412694,-74.0462838
PAST SALE,March-4-2021,Single Family Residential,27 Willow Ave,Cornwall,NY,12518,295000,4,2,Cornwall,1318,6098,1880,81,224,NA,Sold,NA,NA,http://www.redfin.com/NY/Cornwall/27-Willow-Ave-12518/home/72599826,OneKey,H6065608,N,Y,41.4374831,-74.0343155
PAST SALE,December-30-2020,Single Family Residential,26 Schofield Ln,Cornwall,NY,12518,330500,3,2,Cornwall,1503,21780,1975,145,220,NA,Sold,NA,NA,http://www.redfin.com/NY/Cornwall/26-Schofield-Ln-12518/home/54929508,OneKey,H6059649,N,Y,41.4452766,-74.0452281
PAST SALE,November-3-2020,Single Family Residential,422 Angola Rd,Cornwall,NY,12518,410000,3,2,Cornwall,2820,35719,1860,202,145,NA,Sold,NA,NA,http://www.redfin.com/NY/Cornwall/422-Angola-Rd-12518/home/54927930,OneKey,H6056222,N,Y,41.4103199,-74.0569777
PAST SALE,December-1-2020,Single Family Residential,133 Harold Ave,Cornwall,NY,12518,479900,4,2.5,Cornwall,2492,19166,1996,174,193,NA,Sold,NA,NA,http://www.redfin.com/NY/Cornwall/133-Harold-Ave-12518/home/92375460,OneKey,H6061485,N,Y,41.4387398,-74.050231
PAST SALE,December-16-2020,Single Family Residential,11 Tamara Ln,Cornwall,NY,12518,350000,2,1,Cornwall,1040,13939,1871,159,337,NA,Sold,NA,NA,http://www.redfin.com/NY/Cornwall/11-Tamara-Ln-12518/home/54893554,OneKey,H6071868,N,Y,41.4371704,-74.0280687
PAST SALE,December-22-2020,Single Family Residential,44 Elm St,Cornwall,NY,12518,379900,3,2,Cornwall,1330,9583,1924,153,286,NA,Sold,NA,NA,http://www.redfin.com/NY/Cornwall/44-Elm-St-12518/home/92374999,OneKey,H6069591,N,Y,41.4363288,-74.0383433
PAST SALE,March-28-2021,Single Family Residential,12 Tamara Ln,Cornwall,NY,12518,360000,4,2,Cornwall,1735,14375,1955,57,207,NA,Sold,NA,NA,http://www.redfin.com/NY/Cornwall/12-Tamara-Ln-12518/home/54922469,OneKey,H6075020,N,Y,41.4367838,-74.0283827
PAST SALE,March-31-2021,Single Family Residential,6 Harold Ave,Cornwall,NY,12518,350000,4,1.5,Cornwall,1222,12632,1945,54,286,NA,Sold,NA,NA,http://www.redfin.com/NY/Cornwall/6-Harold-Ave-12518/home/72589830,OneKey,H6092196,N,Y,41.4393308,-74.0444478
PAST SALE,April-9-2021,Single Family Residential,30 Hampton Pl,Cornwall,NY,12518,610000,4,3.5,Cornwall,2960,20038,1996,45,206,NA,Sold,NA,NA,http://www.redfin.com/NY/Cornwall/30-Hampton-Pl-12518/home/72589738,OneKey,H6081284,N,Y,41.4461146,-74.0430709
PAST SALE,March-9-2021,Single Family Residential,5 Secor Ln,Cornwall,NY,12518,255000,2,1,Cornwall,900,7405,1948,76,283,NA,Sold,NA,NA,http://www.redfin.com/NY/Cornwall/5-Secor-Ln-12518/home/54939510,OneKey,H6077713,N,Y,41.441392,-74.0374712
PAST SALE,May-10-2021,Single Family Residential,117 Russell St,Cornwall,NY,12518,590000,4,2.5,Quaker Mill,2380,15246,1996,14,248,NA,Sold,NA,NA,http://www.redfin.com/NY/Cornwall/117-Russell-St-12518/home/92375480,OneKey,3269709,N,Y,41.4371548,-74.0476607
PAST SALE,NA,Single Family Residential,366 Angola Rd,Cornwall,NY,12518,235000,3,1.5,NA,1386,9583,1947,NA,170,NA,NA,NA,NA,http://www.redfin.com/NY/Cornwall/366-Angola-Rd-12518/home/92375109,NA,NA,N,Y,41.413424,-74.0535784
PAST SALE,NA,Single Family Residential,102 Alfred St,Cornwall,NY,12518,324900,4,2.5,NA,1906,11761,1976,NA,170,NA,NA,NA,NA,http://www.redfin.com/NY/Cornwall/102-Alfred-St-12518/home/72600089,NA,NA,N,Y,41.438888,-74.0450904
